{"extrinsics": {"00000.jpg": [[1.0000000000000104, 9.854378222798003e-09, 9.741299229051133e-09, 4.4851399621173895e-09], [4.297606354575919e-09, 1.0000000028926843, 2.703686965367597e-09, 9.17500640127836e-09], [3.6680662654985152e-09, 1.2102651573806e-09, 1.0000000026377787, 4.641402997123743e-09]], "00002.jpg": [[0.9878784126391918, -0.022285083726763973, 0.15362166801841945, -0.9752441218408395], [0.032851329305932, 0.9972395203362533, -0.06658925770988093, 0.10965195250230396], [-0.1517136513445758, 0.07082876620985878, 0.9858834889949651, -0.19202956055597833]], "00004.jpg": [[0.9446696829104932, -0.05458744729856986, 0.32344922443440005, -1.9190387272159126], [0.09055115799028834, 0.9911376559687031, -0.0971937997378636, 0.33943712235490364], [-0.31527714470986773, 0.12110473780282897, 0.9412406517492227, -0.33471981025332614]], "00006.jpg": [[-0.5654594733462185, 0.34814681809428005, -0.7476960458995662, -0.6038686819502894], [0.822628967072282, 0.17269479843233215, -0.541717720891617, 1.498174227991573], [-0.05947408289842488, -0.9213958430800764, -0.38404756712957683, 4.457758150782779]], "00008.jpg": [[0.08686916771222676, 0.3385867946186394, -0.9369166079277609, 0.5420922415788516], [0.9891484583867534, -0.14117095668928692, 0.04069506430198395, 1.5226064595421043], [-0.11848660250043568, -0.9302847647345985, -0.3471760094398761, 4.628462675976428]], "00010.jpg": [[0.8078447705126373, 0.09417274351086291, -0.5818232731122244, 0.53664562872305], [-0.4867617029587068, 0.6632217311628721, -0.5685067984167496, -1.186837121794315], [0.3323399935128554, 0.7424745313429687, 0.5816198922139055, -4.885640240889007]], "00012.jpg": [[-0.2053185166204526, -0.43128300751656007, 0.8785438373583004, 0.17399348553238533], [-0.9682173416394044, -0.041492711522380404, -0.24664455039437805, 1.4541354096904615], [0.14282676948492984, -0.9012620719402272, -0.4090564650515954, 4.630138798540896]], "00014.jpg": [[0.8368324769283269, -0.3449213900822639, 0.4251360255514929, -0.5313456043799815], [-0.5466109902764438, -0.5696291422668729, 0.6137907343625452, 1.5144368223511002], [0.030460316265702, -0.7460240444811583, -0.6652219886541395, 4.930075252500365]], "00016.jpg": [[-0.34880201893023494, 0.4338326270021315, -0.8307384686762865, 0.7897230371453163], [-0.9224421315942963, -0.0022535086123497312, 0.38612878105459153, -0.7410422217748154], [0.16564318715227203, 0.9009906622420479, 0.4009715215606638, -5.249187701670714]], "00018.jpg": [[-0.9393958061113207, -0.10457065840899375, -0.32649731524221093, 0.8104619787095607], [0.27904916134545116, 0.3200330687414815, -0.9053785950994809, 0.8121963931425091], [0.1991659735317822, -0.9416176571792924, -0.27145736806231274, 4.839739335769908]], "00020.jpg": [[-0.8560297930229609, -0.008387325151611872, -0.5168584392595972, 0.17614157417891219], [0.48594661428252733, 0.3278821320556854, -0.8101538098077218, 1.2174245062444444], [0.17626367046108493, -0.9446814067480206, -0.2766010813792433, 5.144185403792454]], "00022.jpg": [[-0.15776997332582804, 0.27544566161031403, -0.9482817740612879, 0.38277680031265954], [-0.8965044799978561, 0.36264723667509446, 0.2544930236287265, -1.815140341235457], [0.4139907642213064, 0.8902902162957724, 0.1897234247727053, -3.9717564665322644]], "00024.jpg": [[-0.10394736332159189, -0.23426951480015332, 0.9665985413261236, -0.9631176545156886], [0.9777279983872789, -0.20223086035024035, 0.05613056468277972, -0.537041632557472], [0.18232637447197556, 0.950905081255381, 0.2500732285043771, -4.506987570558771]], "00026.jpg": [[0.848110690465412, 0.22975092990460616, -0.4774125751656002, -0.07795375516181145], [-0.5004521593435134, 0.6432208880034066, -0.5794950607593854, -1.4861462424996381], [0.17394221145741545, 0.7303981102413105, 0.6605018604282851, -4.542643218942431]], "00028.jpg": [[0.5589689738783594, 0.6616039922283559, -0.49983381609178434, -0.27997099690202754], [-0.7531861903295248, 0.15300962688826794, -0.6397645010286285, -0.4908208269426345], [-0.3467913622601795, 0.7340764344038119, 0.5838386245485254, -5.168753912691351]], "00030.jpg": [[-0.6797325732189173, -0.5028466669106526, 0.5339558581774684, 0.7758595968004842], [-0.6820786162594085, 0.7010466171173985, -0.20809229171188115, -2.1434659062345154], [-0.26968943276821283, -0.5056469818016306, -0.8195051797566997, 4.904785049290972]], "00032.jpg": [[-0.2678146597282161, 0.2957567114732649, -0.9169532570710349, 0.9853812240216421], [0.9383969897237944, -0.13563705084876254, -0.3178264937263266, 0.34639216539110296], [-0.2183721541588595, -0.9455847704228162, -0.24121161711752087, 4.669433242265842]], "00034.jpg": [[0.6645744154868876, -0.6422148341551712, 0.38196983267178025, 1.2856867663653566], [-0.6937888885236076, -0.34050518721891004, 0.6345968764800155, 0.2544041119171827], [-0.27748481839812245, -0.6867432739154141, -0.6718525517481496, 4.902686434934862]], "00036.jpg": [[-0.9784271076055828, 0.004795734366072299, -0.2065366699510393, -0.10192223336370264], [-0.20125831773318528, -0.24783420559445704, 0.9476672918701866, -1.4546357323270394], [-0.046642090924215666, 0.9687905901015219, 0.2434528863763228, -4.878147010173019]], "00038.jpg": [[-0.9267885930067596, 0.3543591970322625, -0.12446872438970909, 0.5349023290845178], [-0.18193431317158018, -0.13364674011002514, 0.9741860471946563, -1.2183250125198855], [0.32857694618359395, 0.9255096478895365, 0.18833237135460756, -4.572332415281396]], "00040.jpg": [[0.8837160600359697, -0.29087881517972963, 0.3666543878288373, 0.8222428578642869], [0.46505820263967285, 0.6338001435174905, -0.6180762462955243, -1.1285010372044113], [-0.05260031741405756, 0.7167195357717303, 0.6953749446529515, -4.5428083055504676]], "00042.jpg": [[-0.9593473116493588, -0.0709393642558044, -0.2731672422347367, 0.44932524217517117], [-0.2486433136940523, -0.24548351586567252, 0.936970835188305, -1.0485865260572573], [-0.13352617041760165, 0.9668016601336656, 0.21786535240005314, -4.625474181801458]], "00044.jpg": [[0.9671496862370206, 0.24804928511705723, -0.05561507497567236, 0.26108638424398506], [-0.20543379208776044, 0.6337923234541133, -0.7457239756096621, -1.3940334656881295], [-0.14972789145672052, 0.7326519247798056, 0.6639297520343327, -4.6454224462440195]], "00046.jpg": [[0.5390515937074611, 0.48165352305506176, -0.6909654572046959, -0.48633045141323666], [0.8409264017620902, -0.35412951056247916, 0.40918831431046937, 1.2309269424128217], [-0.04760426599487866, -0.8016247086245697, -0.5959292410862747, 4.926409861526203]], "00048.jpg": [[0.11214181411035617, -0.6018429921229892, 0.7907017303386191, 0.30748377393306286], [0.9775843061757544, -0.07587366528125936, -0.19639783918276008, -1.0223495592963574], [0.17819410160526677, 0.7950020124183558, 0.5798436534134498, -4.85961424764974]], "00050.jpg": [[-0.6937712608378653, -0.17366461227168226, 0.698943517088444, -1.2823384953983512], [-0.7017835694526734, -0.05502427448174079, -0.7102620297214418, 1.4344662156086527], [0.16180623993438017, -0.9832664601532404, -0.08370071120374958, 4.681135254164941]], "00052.jpg": [[-0.4445871818940706, -0.09000653101094155, 0.8912020321290034, -1.1869571658897944], [-0.8956221863925515, 0.06049905839023663, -0.44068215663369065, 0.9859060146748051], [-0.014252611582251279, -0.9941019506616371, -0.10750895197058868, 4.582365799130232]], "00054.jpg": [[-0.44971724429812043, 0.3506745777659688, -0.8214509971322482, 1.300345498486813], [-0.871022618817164, 0.03135463347176867, 0.4902412512924041, -1.347794230875229], [0.19767143873052453, 0.935972343324583, 0.2913447697174154, -5.227745551463625]], "00056.jpg": [[0.4957934185003981, 0.4574774158789504, -0.7381756566918247, 0.2482204362958591], [-0.8671040263487225, 0.21363377387546065, -0.44999024228260986, -0.3945288580799106], [-0.048161121888120294, 0.863177284583211, 0.5025987283291028, -5.117102666396728]],