{"extrinsics": {"00000.jpg": [[1.0000000029548544, 2.021598767454127e-09, 7.839029636607139e-09, 9.517742480589663e-10], [2.39022731579581e-09, 1.0000000088637477, 4.3205017471058096e-10, 2.6166145578032285e-09], [6.932932475109866e-09, 3.903491225375935e-09, 1.000000003586588, 4.082809641468234e-09]], "00001.jpg": [[0.9841936802442305, 0.07445217840410921, -0.16068501142981878, 0.9909443584405424], [-0.07131997417275027, 0.9971355806979162, 0.02518124282532195, 0.11576324656521521], [0.1620995405647912, -0.013323169184254337, 0.9866844643104357, -0.06803050212620027]], "00002.jpg": [[-0.8439159899435562, 0.09519988589738779, 0.5279609679159175, -0.5394618457330234], [0.525063396181751, -0.05533552994239045, 0.8492622734562513, -0.5928212846505418], [0.11006467147851605, 0.9939189910908839, -0.0032874368750137966, -2.6069671536323784]], "00003.jpg": [[0.9047995508161211, 0.11394956852991431, 0.4103087479871602, -0.6754497866117424], [0.3144873535569964, 0.47084507333258124, -0.8242588315396768, -0.6207167453723608], [-0.28711579074593213, 0.8748259328290867, 0.3901847126093688, -2.525429722698976]], "00004.jpg": [[-0.2662077583947418, -0.9444777865256743, 0.19260098683550153, 0.07207764546392928], [0.4845870537777528, 0.041594377755388046, 0.873753566545018, -1.0968792472505577], [-0.8332519527018487, 0.3259319231046633, 0.4466089618669237, -3.117687375424691]], "00005.jpg": [[-0.8795671758733319, 0.05373404888517701, -0.47273061580208514, 0.3541008979915437], [0.42714436304760756, -0.34842718620707713, -0.8343537553271234, 0.6760923629815029], [-0.20954540377413822, -0.9357943940322707, 0.28351292008462203, 1.5538685551505331]], "00006.jpg": [[0.990221282178326, 0.08552845271301399, -0.11021205060078576, -0.2481811167266147], [-0.13508888870959285, 0.3906516186257171, -0.9105725149664439, -0.43401907415171376], [-0.03482534232882102, 0.9165567067244805, 0.39838549031064796, -2.105823997558535]], "00007.jpg": [[0.7825358492541526, 0.5162722320640039, -0.3479951537474792, -0.22079069484668604], [-0.5164658964728799, 0.2261194957678539, -0.8259134043071066, -0.4224333910282758], [-0.34770766803817404, 0.8260344762982607, 0.4435836128106091, -2.3386461457147862]], "00008.jpg": [[0.1108108921748157, 0.5996151268806388, -0.7925797409670119, -0.2535243355038839], [-0.778299540476803, 0.5482900002826993, 0.30598676586348283, -0.321454736155268], [0.6180378398358938, 0.5829577816668307, 0.5274366818159975, -1.908658090388866]], "00009.jpg": [[0.7945827233152425, 0.03912407620313019, 0.605894052182544, -0.44307484815876236], [0.5452571565091678, 0.3929948903994525, -0.7404388221828041, -0.31876500456464674], [-0.26708225153399473, 0.9187079638172153, 0.29093426772100606, -2.597579601367181]], "00010.jpg": [[-0.690478644329127, -0.6982562909448458, 0.18888460467004653, 0.6185284282310927], [-0.3208733576955441, 0.06163732693209583, -0.9451143466532789, 0.24917943195088166], [0.6482896960823916, -0.7131893101306378, -0.26661109854765386, 2.2806263994205755]], "00011.jpg": [[-0.5584192479463946, -0.25059901329242024, 0.7908021737829561, 0.012665032142567962], [0.381960842816797, -0.9238908953035915, -0.023054893836455276, -0.012418997795559059], [0.7363924619913391, 0.2891811683218555, 0.6116374692661832, -0.069633415814267]], "00012.jpg": [[-0.22929964516694945, 0.28605323568005864, 0.9303736986196885, -0.5773304820307245], [0.5175193886155599, -0.7737129532023705, 0.3654339180396959, -0.2984092253414699], [0.8243757366233484, 0.5652802954321289, 0.029374009989729666, -0.7600272684248082]], "00013.jpg": [[-0.22297719471053495, 0.22186461525233878, -0.9492403610982587, 0.19132302961414335], [-0.9737348463178225, -0.004681131737048794, 0.22763685130502861, -0.11225102895398203], [0.04606104325161923, 0.9750662436494211, 0.21708109265889583, -2.713055388153634]], "00014.jpg": [[0.929939820359858, 0.1985291705043222, -0.3095126798177114, -0.5034530976626119], [0.35685499578725827, -0.28422814288534504, 0.889870144893975, 0.03304629272493524], [0.08869296753830724, -0.9379768287387562, -0.3351611944399814, 2.6654668513871673]], "00015.jpg": [[-0.19179038031607637, 0.03785634444460895, 0.9807055354200395, -0.6088197154380409], [0.9732756757707031, 0.13592638288922979, 0.1850904573113681, -0.5726067262002029], [-0.12629690800370189, 0.9899954119186324, -0.06291403189084888, -2.039992713866178]], "00016.jpg": [[-0.04319244287909837, -0.012013935168562645, -0.9989945336386483, 0.06469331296481544], [0.7181520127812131, 0.6947696816742079, -0.03940527838515461, 0.2526020188384658], [0.6945445265902161, -0.71913194532581, -0.021380968067115536, 1.3807244059591812]], "00017.jpg": [[-0.9592399374508784, 0.2110738452699263, -0.18790043704633008, 0.052204909840697276], [-0.20342990896857557, -0.0542430902900341, 0.9775857810406329, -0.7578222111413627], [0.1961504895132096, 0.9759638922617757, 0.09497087166586311, -2.9095705481701133]], "00018.jpg": [[0.28143598228759364, 0.2592847415977321, -0.9238859294568863, -0.06012505177196557], [-0.9506315177316496, 0.20651785010025292, -0.23162490169493966, -0.15527349840211094], [0.13074213310573768, 0.9434626650612983, 0.304605801432597, -2.726442221822711]], "00019.jpg": [[0.8047800574464975, 0.039497368291171404, 0.5922575597107088, -0.20659119088735475], [0.5401683542394581, 0.36489398997633626, -0.7583340458909813, -0.05258894125515309], [-0.24606342315477892, 0.9302109083305898, 0.2723241777884057, -2.720677835677956]], "00020.jpg": [[0.5439120104286826, 0.1538208500732902, -0.8249235546365242, 0.008650204972603581], [-0.8357928486091106, 0.011559423647217106, -0.548923213153545, 0.5028265823162721], [-0.07490019442762848, 0.988031136051731, 0.1348496758135851, -2.5328552047347452]], "00021.jpg": [[-0.9753780998415466, 0.08089088947411571, 0.20516877527923383, -0.10746132162099627], [-0.1664499700156676, 0.34028869833425984, -0.9254717765916789, -0.16486018522743645], [-0.1446788506702959, -0.9368352394023516, -0.3184458578513163, 2.72591880815833]], "00022.jpg": [[-0.9307872253039515, 0.0032060595160477478, -0.36554734630872393, 0.5399937974108664], [0.3640260154527282, 0.09968160188731845, -0.9260392207238244, 0.46559524249843776], [0.03346940818987666, -0.9950142207162456, -0.0939494507054814, 2.775780484143154]], "00023.jpg": [[0.7157471151946498, -0.4441484096684393, -0.5389232387636786, 0.3017994808338099], [0.06547062732211194, 0.8109753827820029, -0.5814056462398967, 0.10210517206448559], [0.6952838729961924, 0.380855771533765, 0.6095319657252071, -1.352061308446033]], "00024.jpg": [[-0.6284006291351657, -0.7003039947848452, 0.3386546385197105, 0.6696804297423068], [0.5158449419894405, -0.0492908533421331, 0.8552627710830838, -0.09228923834561012], [-0.5822513590593319, 0.71214094578615, 0.3922226768155675, -2.547913714682688]], "00025.jpg": [[-0.8331877989445554, -0.24738352040163536, 0.4945700006304684, -0.3888805674798671], [-0.5096271310121253, -0.0036654345258869685, -0.8603875591418593, 0.19086107361602436], [0.21465851724606252, -0.968910707146655, -0.12301935843716606, 2.571341404361224]], "00026.jpg": [[0.6270523359317325, -0.20459863320680138, 0.7516280777701609, 0.0925406877925069], [0.6756062280961123, 0.6231507528079397, -0.3940042688000244, -0.5222184268255591], [-0.38776486761993045, 0.7548659076715594, 0.528976246040303, -3.3975262974558986]], "00027.jpg": [[-0.12830679393216343, 0.7886515027955134, 0.6013037283846062, -0.037119779783323315], [0.6219907583237606, 0.5362382940722007, -0.5705926642801935, 0.013570269370560772], [-0.7724408476968853, 0.3007944466058431, -0.5593369625730112, 0.05016513437098774]], "00028.jpg": [[-0.6866775346139686, 0.11511112480703813, 0.7177906327071562, -0.7638294078655199], [-0.6891731668720682, 0.21112203447856412, -0.6931578699121552, 0.17594836206932257], [-0.23133160078122972, -0.9706579807034453, -0.06564125971295301, 2.7146968881013707]],