{"intrinsics": [[931.7203063897804, 0.0, 960.0], [0.0, 931.7203063897804, 540.0], [0.0, 0.0, 1.0]], "extrinsics": {"00045.jpg": [[-0.7943666499000317, 0.004030246286813632, 0.6074251528826092, -3.925090652481104], [0.5358764484687927, 0.47553002715112136, 0.6976434071684927, -2.229618234134378], [-0.28603668637957896, 0.8796904220397092, -0.3799051965090055, 7.07284937011607], [0.0, 0.0, 0.0, 1.0]], "00044.jpg": [[-0.368226733198721, -0.2523187499118975, 0.8948425006824084, -5.6072135551779265], [0.7646101495068638, 0.46538093147949267, 0.44585981176966955, -0.7408285728753927], [-0.5289412593727586, 0.8483840877058955, 0.021560049819226258, 5.088832297629548], [0.0, 0.0, 0.0, 1.0]], "00043.jpg": [[-0.48463531083384903, -0.219584716522099, 0.8467056558393941, -5.336265737353994], [0.7284758882727186, 0.4345046382031652, 0.5296478619797426, -1.3238055001234175], [-0.4841999595779623, 0.8734916257195542, -0.05061384454194569, 5.58072476863404], [0.0, 0.0, 0.0, 1.0]], "00042.jpg": [[-0.564002057722369, -0.161795046226606, 0.809767148421129, -5.1972240754010315], [0.6709830541545295, 0.48179955854103, 0.563604861548275, -1.2644657393016838], [-0.4813338164097243, 0.8612152027192413, -0.16317395110411687, 5.904812026944034], [0.0, 0.0, 0.0, 1.0]], "00041.jpg": [[-0.6822022386641359, -0.10169339592068652, 0.7240561315464165, -4.713177267722214], [0.6048174690185596, 0.47796071837042997, 0.6369848048048184, -1.7680212266389246], [-0.4108470198224877, 0.8724749335512758, -0.2645597034863109, 6.309224497565693], [0.0, 0.0, 0.0, 1.0]], "00040.jpg": [[-0.9366295196968422, 0.27415652015594566, -0.21808775062915678, 0.4002364652292425], [-0.012410872542712241, 0.5961798655673819, 0.8027554975521886, -5.587779202191568], [0.35009965085575173, 0.7545917543059996, -0.5549969378640317, 8.783015334931264], [0.0, 0.0, 0.0, 1.0]], "00039.jpg": [[-0.9245666334153121, 0.2942640117703314, -0.2420439127242563, 0.7378199914567287], [-0.014154078729161673, 0.6082882238562639, 0.7935895922184788, -5.428191522729729], [0.3807564228390997, 0.7371529709319392, -0.5582382752201629, 8.843315454378118], [0.0, 0.0, 0.0, 1.0]], "00038.jpg": [[-0.9008110543701586, 0.3131824045703139, -0.30075679179602033, 1.2557923359263152], [-0.05550438494001085, 0.6039168475971154, 0.7951123886574037, -5.361368952134071], [0.43064712372372654, 0.7329402851399235, -0.5266317211992383, 8.683822636755336], [0.0, 0.0, 0.0, 1.0]], "00037.jpg": [[-0.8676421685856502, 0.3251702689852534, -0.3761111050017342, 1.6414554426077306], [-0.134591166242959, 0.5746207743773104, 0.8072771121347202, -5.519134000598119], [0.4786235986709482, 0.7510491806721136, -0.45480020802704185, 8.417943862040815], [0.0, 0.0, 0.0, 1.0]], "00036.jpg": [[-0.7877633157994843, 0.3218703314053107, -0.5251926725035769, 2.5289403744623074], [-0.2902779762412177, 0.5580272315099216, 0.7773956773724039, -5.678639558005364], [0.5432923733254027, 0.7648563150950942, -0.34616152558478513, 7.714212347116785], [0.0, 0.0, 0.0, 1.0]], "00035.jpg": [[-0.715173192259815, 0.3077085481586678, -0.6275676605240041, 2.7490133556638336], [-0.40292996799880354, 0.5521583243942884, 0.7299093973901074, -5.141808328985957], [0.5711159288034677, 0.7748786098075394, -0.2709042557374751, 7.16585774062861], [0.0, 0.0, 0.0, 1.0]], "00034.jpg": [[-0.6893216776227883, 0.2925170686725747, -0.6627735868385641, 2.640284116458105], [-0.4733970077495548, 0.5106414327216093, 0.7177330061646425, -4.907801455512505], [0.5483889361376683, 0.8085034956222894, -0.2135192488459033, 6.986314600938053], [0.0, 0.0, 0.0, 1.0]], "00033.jpg": [[-0.43106447961392147, 0.24397338268452848, -0.8687113471420103, 4.259290414787506], [-0.6120887005311242, 0.6283085822745194, 0.4801831610963532, -3.253589705372552], [0.6629704364091942, 0.7387184556001435, -0.12150788061676204, 6.732468909409683], [0.0, 0.0, 0.0, 1.0]], "00032.jpg": [[-0.2952995211029515, 0.2154676091246602, -0.9307907883512267, 4.723932521975147], [-0.6795867459251349, 0.6374010191572951, 0.36315502822449547, -2.5876720895929823], [0.6715350135900846, 0.7397929301201663, -0.04179530816125562, 6.376763656093706], [0.0, 0.0, 0.0, 1.0]], "00031.jpg": [[0.08986141016038628, 0.10932021629781621, -0.9899355498423622, 5.534420955818637], [-0.7317414378569986, 0.6815250205137584, 0.00883812016666679, -0.6257644528510822], [0.6756320494811013, 0.7235832556145859, 0.1412368461479544, 5.108069525554965], [0.0, 0.0, 0.0, 1.0]], "00030.jpg": [[0.3703953849924189, 0.10337536593788535, -0.9231029584228092, 5.680051017939126], [-0.6825030585447883, 0.70439681644041, -0.19497135915628688, 0.46424575626782305], [0.6300758181468692, 0.7022386056230324, 0.3314592051882554, 3.878373206103901], [0.0, 0.0, 0.0, 1.0]], "00029.jpg": [[0.5697337524309232, 0.084931772677871, -0.8174283622494972, 5.693007257079179], [-0.6029899309650919, 0.7190166806268199, -0.3455681891142734, 1.7424138830385956], [0.5583945364252942, 0.6897838226870641, 0.4608610866633696, 2.948637173426499], [0.0, 0.0, 0.0, 1.0]], "00028.jpg": [[0.772765573851916, -0.00017219259690216997, -0.6346902569826169, 4.745980409073328], [-0.44113798871591364, 0.718821757039794, -0.5373010206316736, 2.8791025876854786], [0.4563215416650904, 0.6951946382741957, 0.5554054195548737, 2.2699822317998453], [0.0, 0.0, 0.0, 1.0]], "00027.jpg": [[0.8785920725466657, -0.07457426818546807, -0.4717129298109132, 3.6759901028143833], [-0.22856281584040966, 0.8016037560932147, -0.5524396873438996, 4.341263317194387], [0.4193248035466131, 0.5931864182456165, 0.6872387493792514, 1.4318791735992988], [0.0, 0.0, 0.0, 1.0]], "00026.jpg": [[0.9668316867001706, -0.17720728084487136, -0.18393889008026326, 1.6195587217371088], [0.012422948293686764, 0.7519366620181234, -0.6591184199865477, 5.393981985319267], [0.25511017019642884, 0.6349720304179687, 0.7291977390074466, 1.0005037029144663], [0.0, 0.0, 0.0, 1.0]], "00025.jpg": [[0.9664583333253478, -0.24622176762982406, 0.07303074389171, 0.059694378405512616], [0.22195079723714015, 0.6576749110251893, -0.7198624615943607, 5.4200589774006644], [0.1292149435658973, 0.7119260582409002, 0.690264501402834, 1.024920346642877], [0.0, 0.0, 0.0, 1.0]], "00008.jpg": [[-0.13167779113971548, 0.36565131319306143, -0.9213898272939944, 4.6866338314171845], [-0.38468644519280826, 0.8377931251440326, 0.3874526863681576, -1.4633600687651223], [0.9136064100368211, 0.4054656871578455, 0.030342110481422505, 5.951198335509619], [0.0, 0.0, 0.0, 1.0]], "00007.jpg": [[0.13224098622308858, 0.3320900656990295, -0.9339313492035646, 5.011702697224558], [-0.37734978978207795, 0.8881264351332139, 0.2623710947880109, -0.7997468240158669], [0.9165792614856918, 0.3177235024526858, 0.24276078212627697, 5.0227727576566625], [0.0, 0.0, 0.0, 1.0]], "00006.jpg": [[0.293979874224244, 0.2841684126162806, -0.9125913270572287, 4.635395182820529], [-0.34486661621660814, 0.9220036610475294, 0.17600413340666024, -0.2881498112112215], [0.8914269508222676, 0.2629810490878136, 0.36905095931549886, 4.162562110077407], [0.0, 0.0, 0.0, 1.0]], "00005.jpg": [[0.4524703069429805, 0.29457857546659855, -0.8417202926642715, 4.554934649346798], [-0.2892631354671459, 0.941314396832357, 0.17393892679346362, -0.06261651603161988], [0.8435616482878439, 0.16477560229081492, 0.5111272655170017, 3.1310912262786843], [0.0, 0.0, 0.0, 1.0]], "00004.jpg": [[0.7341068841103893, 0.23074079307934656, -0.6386267542276794, 3.7826417986638603], [-0.22420192571120048, 0.9701155558572302, 0.09278884843913711, 0.024226928530413527], [0.6409522145828044, 0.07506460507835705, 0.7639014052372379, 1.5640392380676431], [0.0, 0.0, 0.0, 1.0]], "00003.jpg": [[0.8625925547274875, 0.14873288687262254, -0.48354188721742103, 3.010473962273257], [-0.15480713039665647, 0.9875586175271943, 0.027602926065035834, 0.317180162579245], [0.48163084427671937, 0.05104525138945044, 0.8748856353822221, 0.6158482472009572], [0.0, 0.0, 0.0, 1.0]],