{"extrinsics": {"00000.jpg": [[1.0000000043258728, 1.3587239560193431e-09, 5.129297791690173e-09, 4.2383086314515505e-09], [3.742697903472056e-09, 1.0000000076782545, 4.635406032740939e-09, 6.410565110655975e-10], [2.2092344959190524e-09, 5.055056948266514e-09, 1.0000000027380656, 5.288216900471163e-09]], "00028.jpg": [[0.9976334761630119, -0.018769835405080967, 0.06614491038256912, 0.9300468115062795], [0.01859674551449059, 0.9998218503812469, 0.003231704348904848, 0.27171811778932303], [-0.06619377713597627, -0.0019939668085951086, 0.9978047972629571, 0.2473504001340631]], "00056.jpg": [[0.9426006301793385, -0.2597361982120632, 0.20985985638958946, -0.023363130672287312], [0.3327007712705664, 0.6767999700519124, -0.6566977975703143, 0.8580847908398841], [0.028535044795575785, 0.688824293906708, 0.7243665117483276, 7.394772954201905]], "00084.jpg": [[0.662935067760776, 0.12269483465756495, -0.7385547193548815, -1.24568140698109], [0.7367469788016179, -0.2823153726519641, 0.6144118485112986, -1.9245837811152489], [-0.1331201906537976, -0.9514431185902469, -0.2775518094474636, -6.954033496739433]], "00113.jpg": [[-0.7024887241200067, -0.1545158280552809, -0.6947189729413151, -2.0942743450765913], [-0.687974235988102, 0.3973516147463011, 0.6072916472956746, 5.247756968413013], [0.18221153394017717, 0.9045642891132153, -0.3854379376245543, 5.143475123181102]], "00141.jpg": [[0.17919432333112353, -0.010572292551460909, -0.9837568912674043, -3.7838124593056226], [0.8881600371120447, -0.42835491808549453, 0.1663845324214385, -3.2417220185348756], [-0.42315616852768734, -0.9035487207573114, -0.06736888194702391, -6.30239416171749]], "00169.jpg": [[0.9953922415227588, 0.04607709681024386, 0.08409034823234472, 0.1974420423957161], [-0.05015024081871278, -0.49729684064917024, 0.8661297856708183, -1.8197430199527858], [0.08172661048962385, -0.8663560200228855, -0.4926946394147031, -8.381051413969216]], "00198.jpg": [[0.6915656631226921, -0.0009157454292668024, 0.7223130173269622, -0.5250073810236068], [-0.5664502897127378, -0.6211742827608012, 0.541550163623796, -1.9892664383818883], [0.4481863483798083, -0.7836719159488321, -0.43010152903594745, -6.704106000683161]], "00226.jpg": [[0.36610356476290695, -0.05707582835871943, 0.9288221195067751, 0.37076912950636914], [0.7881673265929342, 0.5496598680463219, -0.27688679049504444, 1.000974916711656], [-0.4947327007175073, 0.8334364878480333, 0.24621774014943626, 5.809375503130858]], "00254.jpg": [[0.09559272679294593, -0.3424058001732036, 0.9346765743250636, 0.8398607321233321], [-0.7156210643731795, -0.6763217592227109, -0.1745719628900764, -1.868439402541192], [0.6919165576929679, -0.6521864350089203, -0.3096842443209991, -11.875625001663796]], "00283.jpg": [[-0.01149041253686234, -0.026665724218461907, 0.9995783658981611, 1.807649635618438], [-0.9674724582092697, -0.25234561053273524, -0.01785316362369187, -1.6575139767206233], [0.25271528055550185, -0.9672696790434231, -0.022898798592677794, -6.382605570602331]], "00311.jpg": [[-0.6747683049923716, 0.28752988326722706, -0.679716338486914, 1.7531522550414997], [-0.7374955759393319, -0.22766312438172426, 0.635822127065947, 1.7037180092945645], [0.0280715166607551, 0.9303204114847139, 0.36567187740825574, 7.293080173909673]], "00339.jpg": [[-0.9200296204497124, -0.05333244772407043, -0.3882024568635782, 0.7043753297293044], [-0.3796907787158869, -0.12353298561296037, 0.9168285085138181, 1.293417992851303], [-0.09685251702089494, 0.9909062778513956, 0.09340416725933486, 6.0917278186261035]], "00368.jpg": [[0.20979171338726904, 0.22882428124594703, -0.9505929125058259, -0.4468450045873144], [0.9650862300512295, -0.2044084964084899, 0.16378563783655023, -1.687359108879869], [-0.15683113708552557, -0.9517649998336228, -0.26371837162428585, -7.586768288026427]], "00396.jpg": [[0.8883422882411188, 0.051113404056640915, 0.4563281701235156, 0.23647708650431096], [0.36210240690130324, 0.5331294868261311, -0.7646272276036142, 1.5992773303889525], [-0.2823647035994702, 0.8444882297594496, 0.4550931816221101, 8.183457917926926]], "00424.jpg": [[0.5865112221945105, 0.43325219071271276, -0.6843223841746929, 0.3859062275270514], [0.7809692574989545, -0.0785560045057432, 0.6196095326878253, -1.1547189023263373], [0.2146895551288726, -0.8978426885589306, -0.38443061990408395, -5.953571029337026]], "00453.jpg": [[-0.9945097547054257, 0.0862321919010528, 0.05928201140054699, 0.32846294860897524], [-0.036849635809323385, 0.24163290804835905, -0.969667799861795, -2.1424566043783027], [-0.09794106460762365, -0.9665286063164578, -0.23712865924533916, -7.8256365357711255]], "00481.jpg": [[-0.9194576469625511, 0.1437908559494668, -0.36595331011948634, 1.4881541331713717], [-0.3709464757848561, -0.008624568978276691, 0.9286141980999076, 2.613280557315802], [0.13037004082565962, 0.9895705162115832, 0.06126863716337555, 6.644193200109494]], "00509.jpg": [[-0.9960581103441984, 0.0030584126189988274, -0.08865036339348102, 0.9724376644935826], [-0.08809095859653568, 0.0831036216826699, 0.9926397992609238, 2.200912962566442], [0.01040306834966307, 0.9965362181955433, -0.08250661787660815, 5.434979148355074]], "00538.jpg": [[0.179241860291826, -0.243285548234574, 0.9532494414052017, 0.241473975793856], [0.8751543660088817, 0.4820583655924459, -0.041527916127985884, 2.4070306827589754], [-0.44941872588346704, 0.8416839514821125, 0.29931744794237897, 6.338649985987955]], "00566.jpg": [[0.9831102097313342, 0.05227083668248692, -0.17539120603532363, 0.70414313032781], [0.1598440425949841, -0.7119632813138927, 0.6837822519688908, -3.128329365715107], [-0.08913022814346122, -0.7002685525519957, -0.7082935526586608, -7.631649555587773]], "00585.jpg": [[-0.8671199343675141, -0.36709732593732836, 0.33666388685473986, 0.289228361311428], [-0.28114409591601053, -0.19722908542748324, -0.9391797938589862, -1.9402379088019355], [0.41117030140082694, -0.9090325853076451, 0.06781402579740911, -6.071331378525259]], "00607.jpg": [[-0.8219875469903143, 0.1341746862566395, -0.5534741422693369, 0.9159144429462448], [-0.5671936839217997, -0.10539526647810551, 0.8168128076390738, 1.393382034682584], [0.051262047482159866, 0.9853369938107172, 0.16273663114368342, 5.79059101479066]], "00651.jpg": [[0.9469818774886091, 0.29940914864485574, -0.11653104914962258, 2.444179985585978], [-0.29193812241543493, 0.650436423823085, -0.7012165081091475, 2.421100932025807], [-0.13415459883544587, 0.6980591810670487, 0.703360450508345, 7.080145429896103]], "00679.jpg": [[0.8527942346520692, 0.32132254936321647, 0.4116962625709815, 1.5841791591072123], [0.18711242585984808, 0.54799238841418, -0.8152872391549895, 1.833889966726485], [-0.4875765923760433, 0.772305743543867, 0.40720130777800795, 6.218355941167194]], "00708.jpg": [[-0.5654346101622097, -0.5701295592703671, 0.5960167676138701, -0.8245445899523876], [-0.5709129304760966, -0.25098795054884926, -0.7817054908944185, -1.347817275822452], [0.5952664339990162, -0.7822770189168696, -0.18357706346009037, -5.9060089407096825]], "00736.jpg": [[-0.9613949128338617, 0.03854075259508774, -0.27245996397007544, -0.603434923967748], [-0.2745672877363403, -0.06873199177935044, 0.9591082930572291, 1.7044546519771453], [0.018238039430822417, 0.9968904271259942, 0.07666061715295706, 7.070886563722863]], "00764.jpg": [[0.8194088892111464, -0.42945525591835887, 0.3796541260751059, -2.665035166151924], [0.5569589959894453, 0.4399158093247782, -0.7044648731431219, 0.6307577820390244], [0.13552029024535206, 0.7886965600725176, 0.5996598928239183, 8.810117733319114]], "00792.jpg": [[0.6843362392409489, 0.10991632307090035, 0.7208344564351288, 0.5373916405655461], [-0.6298838251761686, -0.40889595955374586, 0.6603411701855785, -0.5832284296150141], [0.3673285701425793, -0.9059373577589094, -0.21058780917663117, -6.850425101946956]],