{"intrinsics": [[927.494, 0.0, 960.0], [0.0, 927.494, 540.0], [0.0, 0.0, 1.0]], "extrinsics": {"00000.jpg": [[1.0, 0.0, 0.0, 0.0], [0.0, 1.0, 0.0, 0.0], [0.0, 0.0, 1.0, 0.0], [0.0, 0.0, 0.0, 1.0]], "00028.jpg": [[0.9754779934883118, 0.07776214927434921, -0.20590244233608246, 0.09452707320451736], [-0.08084183186292648, 0.9967052340507507, -0.006573444232344627, -0.013389669358730316], [0.2047128677368164, 0.023057781159877777, 0.978550374507904, 0.010017193853855133], [0.0, 0.0, 0.0, 1.0]], "00056.jpg": [[0.9615477323532104, -0.08570798486471176, 0.2609216868877411, -0.14268487691879272], [0.09901358187198639, 0.9943503737449646, -0.03825872391462326, 0.016488414257764816], [-0.2561684548854828, 0.06262238323688507, 0.9646015763282776, -0.02651173062622547], [0.0, 0.0, 0.0, 1.0]], "00084.jpg": [[0.9336743950843811, -0.09496239572763443, 0.34530314803123474, -0.1838020533323288], [0.11976603418588638, 0.9914825558662415, -0.051169294863939285, 0.015607641078531742], [-0.3375028967857361, 0.08913105726242065, 0.9370952248573303, -0.0012801989214494824], [0.0, 0.0, 0.0, 1.0]], "00113.jpg": [[0.7739333510398865, -0.1609530746936798, 0.6124714612960815, -0.334311842918396], [0.2224111706018448, 0.9746345281600952, -0.024917079135775566, 0.0042854552157223225], [-0.5929253101348877, 0.15550465881824493, 0.7900998592376709, 0.06275356560945511], [0.0, 0.0, 0.0, 1.0]], "00141.jpg": [[0.6010383367538452, -0.20314860343933105, 0.7729706168174744, -0.4029718339443207], [0.32581931352615356, 0.9454194903373718, -0.004876326769590378, -0.01902257651090622], [-0.7297908663749695, 0.2547796070575714, 0.6344230771064758, 0.15330848097801208], [0.0, 0.0, 0.0, 1.0]], "00169.jpg": [[0.47111016511917114, -0.22363150119781494, 0.853255033493042, -0.46791335940361023], [0.37162601947784424, 0.9276072978973389, 0.03793167695403099, -0.04611901938915253], [-0.7999683022499084, 0.29922178387641907, 0.5201125144958496, 0.20213724672794342], [0.0, 0.0, 0.0, 1.0]], "00198.jpg": [[0.2415480613708496, -0.2252432107925415, 0.9438855648040771, -0.5033965706825256], [0.43565842509269714, 0.8943224549293518, 0.10192718356847763, -0.07266435027122498], [-0.8670964241027832, 0.38659143447875977, 0.31415095925331116, 0.2901533246040344], [0.0, 0.0, 0.0, 1.0]], "00226.jpg": [[-0.11228004842996597, -0.19584384560585022, 0.9741860032081604, -0.5387556552886963], [0.497115820646286, 0.837809681892395, 0.22572284936904907, -0.15216517448425293], [-0.8603888750076294, 0.5096274018287659, 0.0032877610065042973, 0.45313119888305664], [0.0, 0.0, 0.0, 1.0]], "00254.jpg": [[-0.2746011018753052, -0.194130539894104, 0.9417576789855957, -0.5511805415153503], [0.49174460768699646, 0.8132928013801575, 0.3110339045524597, -0.18296903371810913], [-0.8263058662414551, 0.5485145449638367, -0.1278684437274933, 0.5426135063171387], [0.0, 0.0, 0.0, 1.0]], "00283.jpg": [[-0.30245348811149597, -0.2153480350971222, 0.9285187721252441, -0.5655770897865295], [0.4652969539165497, 0.8168300986289978, 0.3410092294216156, -0.18669697642326355], [-0.8318777680397034, 0.5351763963699341, -0.14685234427452087, 0.548398494720459], [0.0, 0.0, 0.0, 1.0]], "00311.jpg": [[-0.588047444820404, -0.14988626539707184, 0.7948171496391296, -0.5090276598930359], [0.41336777806282043, 0.7889578938484192, 0.45461252331733704, -0.2407229244709015], [-0.6952174305915833, 0.5958855152130127, -0.4019865095615387, 0.6722354292869568], [0.0, 0.0, 0.0, 1.0]], "00339.jpg": [[-0.8074729442596436, -0.04709519073367119, 0.5880216956138611, -0.4306146204471588], [0.3566284775733948, 0.7550501227378845, 0.5501958131790161, -0.29367488622665405], [-0.46989747881889343, 0.6539735198020935, -0.5928870439529419, 0.7728080749511719], [0.0, 0.0, 0.0, 1.0]], "00368.jpg": [[-0.9146757125854492, 0.014894431456923485, 0.40391403436660767, -0.33056485652923584], [0.2846103310585022, 0.7333008646965027, 0.6174680590629578, -0.3341410756111145], [-0.28699368238449097, 0.6797410845756531, -0.6749715805053711, 0.8244770169258118], [0.0, 0.0, 0.0, 1.0]], "00396.jpg": [[-0.9604359269142151, 0.07180848717689514, 0.2690843641757965, -0.25931185483932495], [0.23870190978050232, 0.7099888324737549, 0.6625233888626099, -0.36472558975219727], [-0.1434720754623413, 0.7005422115325928, -0.69903963804245, 0.8545520901679993], [0.0, 0.0, 0.0, 1.0]], "00424.jpg": [[-0.9857823252677917, 0.12930986285209656, 0.10729444026947021, -0.16280381381511688], [0.16738872230052948, 0.7001392245292664, 0.6941081285476685, -0.36747628450393677], [0.01463397964835167, 0.702199399471283, -0.7118299007415771, 0.8577944040298462], [0.0, 0.0, 0.0, 1.0]], "00453.jpg": [[-0.9735915064811707, 0.12692397832870483, 0.18976248800754547, -0.2296002209186554], [0.22422197461128235, 0.6879638433456421, 0.6902391910552979, -0.34792619943618774], [-0.042941827327013016, 0.7145599722862244, -0.6982549428939819, 0.8675003051757812], [0.0, 0.0, 0.0, 1.0]], "00481.jpg": [[-0.9348729252815247, 0.24585562944412231, -0.2560618817806244, 0.003394841216504574], [0.0037555007729679346, 0.7281458973884583, 0.6854118704795837, -0.31785863637924194], [0.3549627661705017, 0.6398113369941711, -0.6816471815109253, 0.8823830485343933], [0.0, 0.0, 0.0, 1.0]], "00509.jpg": [[-0.7847732901573181, 0.28164142370224, -0.5520951151847839, 0.1732722371816635], [-0.18419355154037476, 0.7445574998855591, 0.6416438221931458, -0.3120872378349304], [0.5917800664901733, 0.6052373051643372, -0.5324323177337646, 0.8170743584632874], [0.0, 0.0, 0.0, 1.0]], "00538.jpg": [[-0.3180305063724518, 0.32882821559906006, -0.8892292976379395, 0.36225244402885437], [-0.3570787310600281, 0.8273149728775024, 0.4336411952972412, -0.21203693747520447], [0.8782660961151123, 0.45543599128723145, -0.1456938236951828, 0.6726037859916687], [0.0, 0.0, 0.0, 1.0]], "00566.jpg": [[-0.06058821454644203, 0.3344123661518097, -0.9404772520065308, 0.3622765839099884], [-0.4204375445842743, 0.8459974527359009, 0.32790330052375793, -0.17396868765354156], [0.905296266078949, 0.4152790307998657, 0.08934202790260315, 0.5030086636543274], [0.0, 0.0, 0.0, 1.0]], "00585.jpg": [[0.04789525270462036, 0.34234628081321716, -0.9383522868156433, 0.37846100330352783], [-0.4468000531196594, 0.8475481867790222, 0.28641200065612793, -0.177120178937912], [0.8933508992195129, 0.4055381119251251, 0.1935538798570633, 0.45271894335746765], [0.0, 0.0, 0.0, 1.0]], "00607.jpg": [[0.2514675259590149, 0.3419885039329529, -0.9054324626922607, 0.35401955246925354], [-0.42166972160339355, 0.8807553052902222, 0.21555659174919128, -0.10392528027296066], [0.8711823225021362, 0.32758796215057373, 0.3656875789165497, 0.34334006905555725], [0.0, 0.0, 0.0, 1.0]], "00651.jpg": [[0.832066535949707, 0.17250192165374756, -0.5271701812744141, 0.252336323261261], [-0.2638687491416931, 0.9590811729431152, -0.10264813899993896, 0.029683206230401993], [0.48789194226264954, 0.22451381385326385, 0.8435372114181519, 0.11346771568059921], [0.0, 0.0, 0.0, 1.0]], "00679.jpg": [[0.760470986366272, 0.18274177610874176, -0.6231286525726318, 0.28918471932411194], [-0.3026328980922699, 0.9487432241439819, -0.09110241383314133, 0.022307025268673897], [0.5745408535003662, 0.2578599750995636, 0.7767953276634216, 0.12292376905679703], [0.0, 0.0, 0.0, 1.0]], "00708.jpg": [[0.9906113743782043, -0.008135206066071987, -0.1364661157131195, 0.037501417100429535], [-0.029192987829446793, 0.9626144766807556, -0.26929739117622375, 0.1079687625169754], [0.133555069565773, 0.2707529067993164, 0.9533393383026123, 0.012130212038755417], [0.0, 0.0, 0.0, 1.0]], "00736.jpg": [[0.995796799659729, -0.009744800627231598, -0.09106970578432083, -0.036058347672224045], [-0.016509247943758965, 0.9589395523071289, -0.28312957286834717, 0.11218483000993729], [0.09008938074111938, 0.28344303369522095, 0.9547480940818787, 0.01759638451039791], [0.0, 0.0, 0.0, 1.0]],