{"intrinsics": [[930.5505213152097, 0.0, 960.0], [0.0, 930.5505213152097, 540.0], [0.0, 0.0, 1.0]], "extrinsics": {"00000.jpg": [[1.0, 0.0, 0.0, 0.0], [0.0, 1.0, 0.0, 0.0], [0.0, 0.0, 1.0, 0.0], [0.0, 0.0, 0.0, 1.0]]}}
